{
  "teams": [
    "Airdrie",
    "Airdrie Utd",
    "Albacete",
    "Alloa",
    "Arbroath",
    "Ath Bilbao",
    "Ath Madrid",
    "Ayr",
    "Barcelona",
    "Brechin",
    "Celta",
    "Clyde",
    "Clydebank",
    "Cove Rangers",
    "Cowdenbeath",
    "Dumbarton",
    "Dundee",
    "Dundee United",
    "Dunfermline",
    "East Fife",
    "Falkirk",
    "Gretna",
    "Hamilton",
    "Hearts",
    "Hibernian",
    "Inverness C",
    "Kilmarnock",
    "La Coruna",
    "Lerida",
    "Livingston",
    "Logrones",
    "Morton",
    "Osasuna",
    "Oviedo",
    "Partick",
    "Queen of Sth",
    "Queens Park",
    "Raith",
    "Raith Rvs",
    "Rangers",
    "Real Madrid",
    "Ross County",
    "Santander",
    "Sevilla",
    "Sociedad",
    "Sp Gijon",
    "St Johnstone",
    "St Mirren",
    "Stirling",
    "Stranraer",
    "Tenerife",
    "Valencia",
    "Valladolid",
    "Vallecano",
    "Zaragoza"
  ],
  "class_order": [
    "A",
    "D",
    "H"
  ],
  "scaler_mean": [
    1.3525706010137581,
    1.3771743503097593,
    1.3167310322632553,
    1.3389291173867566,
    1.33694585244187,
    1.3232319575187061,
    0.41623584171414896,
    0.3170905123939501,
    0.26667364589190096,
    1.5258967123739027,
    1.2185543410380486,
    1523.5806546339663,
    1522.4826597338367,
    0.576876659425537,
    0.6690803765387401,
    1.8744870866521843,
    2.008447984552257,
    0.7009413468501087,
    0.6125995655322231,
    1.3463347855332395,
    1.3814828296995663,
    6.980690321023413,
    6.905865314989138,
    19.269611392710598,
    19.427468018344197,
    -0.024603749296001287,
    -0.03591198004666506,
    0.3073423713358543,
    1.097994900129649,
    -0.07482500603427468,
    -0.15785662563359884,
    -0.03514804416632679,
    -0.18054549843108858,
    0.7375557164695471,
    0.7378760470584029,
    -0.00032033058885581254,
    25.279429532805615,
    25.458465681791807,
    -0.17903614898619657,
    90.53247402515947,
    2.2045417974092847
  ],
  "scaler_scale": [
    0.6646790530528782,
    0.6670195399185143,
    0.6132005877837015,
    0.6241639875376436,
    0.6354617274808795,
    0.6206946342364067,
    0.24334029107101462,
    0.22784375989892477,
    0.19149687088602554,
    0.5499374091882122,
    0.5260964547414532,
    103.45549408379031,
    103.09040038680234,
    1.105934312402202,
    1.108555062625644,
    2.4688615114457755,
    2.4785200477242375,
    1.2237557611159255,
    1.1855618566424397,
    0.6549885811204211,
    0.6605232677810012,
    4.286010992831665,
    4.286597547092282,
    15.318706443265416,
    15.197024129555185,
    0.9341363153925296,
    1.344722852309895,
    0.7741259062138045,
    149.68651018341805,
    5.002360153759828,
    14.52606969847893,
    0.9218646460152325,
    2.657582522320458,
    0.4633582886685909,
    0.4615371964855397,
    0.5861001071878411,
    5.982072298482175,
    6.002305903347665,
    7.652176194501739,
    165.23580225039544,
    5.026725430199105
  ],
  "input_feature_count": 41,
  "output_class_count": 3
}