{
  "teams": [
    "Aachen",
    "Augsburg",
    "Bayern Munich",
    "Bielefeld",
    "Bochum",
    "Braunschweig",
    "Cottbus",
    "Darmstadt",
    "Dortmund",
    "Dresden",
    "Duisburg",
    "Dusseldorf",
    "Ein Frankfurt",
    "FC Koln",
    "Fortuna Dusseldorf",
    "Freiburg",
    "Greuther Furth",
    "Hamburg",
    "Hannover",
    "Hansa Rostock",
    "Heidenheim",
    "Hertha",
    "Hoffenheim",
    "Holstein Kiel",
    "Ingolstadt",
    "Kaiserslautern",
    "Karlsruhe",
    "Leipzig",
    "Leverkusen",
    "M'Gladbach",
    "M'gladbach",
    "Mainz",
    "Munich 1860",
    "Nurnberg",
    "Paderborn",
    "RB Leipzig",
    "Schalke 04",
    "St Pauli",
    "Stuttgart",
    "Uerdingen",
    "Ulm",
    "Union Berlin",
    "Unterhaching",
    "Wattenscheid",
    "Werder Bremen",
    "Wolfsburg"
  ],
  "class_order": [
    "A",
    "D",
    "H"
  ],
  "scaler_mean": [
    1.3519212062256811,
    1.3989840034587115,
    1.455863597060095,
    1.488264699524427,
    1.4887213575443146,
    1.4469790315607438,
    0.4535880441182,
    0.28729830375507087,
    0.25911365212672915,
    1.6355623880550922,
    1.1217372562946493,
    1577.0146217695255,
    1575.1689498122396,
    0.5674448767833982,
    0.7344357976653697,
    1.768320363164721,
    2.002431906614786,
    0.685473411154345,
    0.5453955901426718,
    1.3450221059464782,
    1.4044879288056082,
    9.93304150453956,
    9.834630350194553,
    20.880674448767834,
    20.99205577172503,
    -0.0470627972330307,
    -0.07414342844790316,
    0.5138251317604431,
    1.845671957286244,
    -0.09841115434500648,
    -0.11138132295719845,
    -0.05946582285913014,
    -0.30706874189364464,
    0.7552486849690158,
    0.7487045293510114,
    0.006544155618004518,
    23.130748146838542,
    23.30336963588926,
    -0.17262148905071556,
    99.74654516864429,
    4.0072092520536104
  ],
  "scaler_scale": [
    0.6526817951993328,
    0.6586360747178858,
    0.6621595155855604,
    0.6211023086949046,
    0.6731205579412228,
    0.613497825992356,
    0.24153803134116583,
    0.21448504948211988,
    0.18421823350953206,
    0.5560338758273573,
    0.5199008516184834,
    120.30916474079484,
    121.73265297297056,
    1.1504766205725907,
    1.2161770222216852,
    2.430483884524159,
    2.4564614602197348,
    1.069702615864669,
    1.040933404803624,
    0.6434877658057272,
    0.6521744613370438,
    5.079385139479436,
    5.13683265895267,
    15.919362381615887,
    15.91729705224943,
    0.9148299760553922,
    1.3906035628543898,
    0.7576253732440928,
    168.56249651848287,
    7.257060433787369,
    13.822260196891534,
    0.8999957987857802,
    2.544175585591519,
    0.47585468653227214,
    0.47526901724689025,
    0.594859311001123,
    7.784200228615741,
    7.8871263347975225,
    11.1142864783515,
    180.74874068866262,
    7.230787832102906
  ],
  "input_feature_count": 41,
  "output_class_count": 3
}