{
  "teams": [
    "AVS",
    "Academica",
    "Albacete",
    "Alverca",
    "Arouca",
    "Ath Bilbao",
    "Ath Madrid",
    "Aves",
    "Barcelona",
    "Beira Mar",
    "Belenenses",
    "Benfica",
    "Boavista",
    "Campomaior",
    "Campomaiorense",
    "Casa Pia",
    "Celta",
    "Chaves",
    "Desp. Chaves",
    "Espinho",
    "Est Amadora",
    "Estoril",
    "Estrela",
    "Famalicao",
    "Farense",
    "Feirense",
    "Feirense ",
    "Felgueiras",
    "Gil Vicente",
    "Guimaraes",
    "La Coruna",
    "Leca",
    "Leiria",
    "Leixoes",
    "Lerida",
    "Logrones",
    "Madeira",
    "Maritimo",
    "Moreirense",
    "Nacional",
    "Naval",
    "Olhanense",
    "Osasuna",
    "Oviedo",
    "Pacos Ferreira",
    "Penafiel",
    "Portimonense",
    "Porto",
    "Real Madrid",
    "Rio Ave",
    "Salgueiros",
    "Santa Clara",
    "Santander",
    "Setubal",
    "Sevilla",
    "Sociedad",
    "Sp Braga",
    "Sp Gijon",
    "Sp Lisbon",
    "Tenerife",
    "Tirsense",
    "Tondela",
    "Trofense",
    "Uniao Madeira",
    "Valencia",
    "Valladolid",
    "Vallecano",
    "Varzim",
    "Vizela",
    "Zaragoza"
  ],
  "class_order": [
    "A",
    "D",
    "H"
  ],
  "scaler_mean": [
    1.3400392862989032,
    1.4016696677033886,
    1.240167512413379,
    1.2823620887215583,
    1.28174005565559,
    1.24092868445463,
    0.46408597107893224,
    0.2817942521636926,
    0.25411977675737507,
    1.6505955304040096,
    1.102234603122637,
    1584.139020717789,
    1583.9195185797732,
    0.6184318219021117,
    0.8038958913079064,
    1.832214765100671,
    2.125552463578327,
    0.7241774431167131,
    0.5342936650843019,
    1.3322077245127275,
    1.409262042658656,
    10.125716156490425,
    9.9312489769193,
    19.619905058110984,
    19.834342772957932,
    -0.061630381404485186,
    -0.08300594750913952,
    0.5483609272813725,
    0.21950213801565113,
    -0.19446717957112458,
    -0.21443771484694713,
    -0.07705431814592849,
    -0.37534784743820593,
    0.7276839878018468,
    0.7360030283188739,
    -0.008319040517027096,
    23.0479565810683,
    23.400230320386612,
    -0.35227373931831363,
    142.90198608205685,
    4.679803022862443
  ],
  "scaler_scale": [
    0.6918301350229152,
    0.6874594352797417,
    0.6375220040269187,
    0.5927632385304338,
    0.6379394071530363,
    0.5804575760917486,
    0.3001545164714617,
    0.265377499565355,
    0.21528232409609477,
    0.5889964467519115,
    0.6060205639299605,
    149.21990014396795,
    149.27622563837434,
    1.35411104626864,
    1.3766204474156032,
    2.649955760361977,
    2.648710180071051,
    1.1016616411248465,
    1.0458521677461474,
    0.685207690042517,
    0.6816483615370297,
    5.5803400248753325,
    5.573055700388347,
    16.45734586815917,
    16.356102065866367,
    0.9710719202409285,
    1.3359755093544974,
    0.8461594990694357,
    209.1108892841499,
    7.2691061287295335,
    15.487014433827724,
    0.9578184906547652,
    2.766114185635244,
    0.46319141748475423,
    0.4658447211231788,
    0.5860241330973391,
    8.581534911267523,
    8.59206024509739,
    11.74856990057656,
    242.3029921265835,
    7.8799262009332045
  ],
  "input_feature_count": 41,
  "output_class_count": 3
}