{
  "teams": [
    "Aldershot",
    "Altrincham",
    "Barnet",
    "Boreham Wood",
    "Boston Utd",
    "Braintree Town",
    "Bromley",
    "Chesterfield",
    "Dag and Red",
    "Dorking",
    "Eastleigh",
    "Ebbsfleet",
    "Forest Green",
    "Fylde",
    "Gateshead",
    "Halifax",
    "Hartlepool",
    "Kidderminster",
    "Maidenhead",
    "Maidstone",
    "Notts County",
    "Oldham",
    "Oxford City",
    "Rochdale",
    "Scunthorpe",
    "Solihull",
    "Southend",
    "Sutton",
    "Tamworth",
    "Torquay",
    "Wealdstone",
    "Woking",
    "Wrexham",
    "Yeovil",
    "York"
  ],
  "class_order": [
    "A",
    "D",
    "H"
  ],
  "scaler_mean": [
    1.348126398210291,
    1.4013282997762861,
    1.390226510067114,
    1.4247483221476511,
    1.431851230425056,
    1.3807326621923939,
    0.42729306487695745,
    0.3099832214765101,
    0.26272371364653246,
    1.5593227335677,
    1.193599858847342,
    1504.5687719069435,
    1504.2722011953128,
    0.5587248322147651,
    0.697986577181208,
    1.7189597315436242,
    2.0209731543624163,
    0.6568791946308725,
    0.5226510067114094,
    1.3383744336563128,
    1.4110871668714284,
    13.239093959731544,
    13.059563758389261,
    23.056208053691275,
    23.331375838926174,
    -0.05320190156599553,
    -0.08564038031319911,
    0.3657228747203579,
    0.29657071163079607,
    -0.17953020134228187,
    -0.2751677852348993,
    -0.07271273321511545,
    -0.27348993288590606,
    0.7499582090479743,
    0.7470531941337312,
    0.002905014914243102,
    18.735020478999513,
    19.06959433227317,
    -0.33457385327365446,
    78.76782822377687,
    5.362919463087248
  ],
  "scaler_scale": [
    0.6438740280818964,
    0.6660524695692202,
    0.597478915286104,
    0.6078519532426816,
    0.6328096294183708,
    0.602736383932132,
    0.39327974630751983,
    0.3608472501953073,
    0.3456563336555565,
    0.5522050745105299,
    0.5316442730641676,
    83.56292974331461,
    85.45443016536217,
    1.064169833414669,
    1.0934809756530426,
    2.3464330186753957,
    2.4963859231159877,
    0.9960760220896303,
    0.9896225056591226,
    0.6382921346156976,
    0.659996741492632,
    7.107802347607035,
    7.186791749356554,
    18.30326267492541,
    18.672246087334898,
    0.9456601741917191,
    1.3010659815501515,
    0.7707577963158856,
    123.30839699876903,
    10.203203065676163,
    15.726632419361982,
    0.9372160841540604,
    2.4189621231541345,
    0.44333403275572897,
    0.45772642430547783,
    0.6131875927072892,
    9.42231706990327,
    9.578060339758006,
    13.68360357290817,
    140.7118187009601,
    10.372726875869649
  ],
  "input_feature_count": 41,
  "output_class_count": 3
}