{
  "teams": [
    "Ajaccio",
    "Ajaccio GFCO",
    "Amiens",
    "Angers",
    "Annecy",
    "Arles",
    "Auxerre",
    "Bastia",
    "Beauvais",
    "Besancon",
    "Beziers",
    "Bordeaux",
    "Boulogne",
    "Bourg Peronnas",
    "Brest",
    "CA Bastia",
    "Caen",
    "Cannes",
    "Chambly",
    "Charleville",
    "Chateauroux",
    "Clermont",
    "Concarneau",
    "Creteil",
    "Dijon",
    "Dunkerque",
    "Epinal",
    "Evian Thonon Gaillard",
    "Grenoble",
    "Gueugnon",
    "Guingamp",
    "Istres",
    "Laval",
    "Le Havre",
    "Le Mans",
    "Lens",
    "Libourne",
    "Lille",
    "Lorient",
    "Louhans-Cuis.",
    "Martigues",
    "Metz",
    "Monaco",
    "Montpellier",
    "Mulhouse",
    "Nancy",
    "Nantes",
    "Nice",
    "Nimes",
    "Niort",
    "Orleans",
    "Paris FC",
    "Pau FC",
    "Perpignan",
    "Quevilly Rouen",
    "Red Star",
    "Red Star 93",
    "Reims",
    "Rodez",
    "Rouen",
    "Sedan",
    "Sete",
    "Sochaux",
    "St Brieuc",
    "St Etienne",
    "Strasbourg",
    "Toulon",
    "Toulouse",
    "Tours",
    "Troyes",
    "Valence",
    "Valenciennes",
    "Vannes",
    "Wasquehal"
  ],
  "class_order": [
    "A",
    "D",
    "H"
  ],
  "scaler_mean": [
    1.310591232068642,
    1.3809201412164276,
    1.1424498368860883,
    1.1847454976091523,
    1.1861107387049203,
    1.1429481163694866,
    0.44761091904475736,
    0.24324758228766807,
    0.30914149866757457,
    1.6536743190818806,
    1.0523447225786682,
    1519.0717389428119,
    1518.642451256936,
    0.43169325646869555,
    0.6181793806140233,
    1.7758412655851992,
    2.067435313044644,
    0.6393618447513072,
    0.4290119318943558,
    1.3025288922767277,
    1.3887341268257745,
    12.070116637618984,
    11.709746614827726,
    20.30647539884703,
    20.786164365196406,
    -0.07032890914778568,
    -0.08545828305849758,
    0.6013295965032123,
    0.4292876858755825,
    -0.3603700227912589,
    -0.4796889663493766,
    -0.08620523454904662,
    -0.39683603700227915,
    0.7058007477916314,
    0.7151025234243494,
    -0.00930177563271812,
    19.648034189935455,
    20.199849328762802,
    -0.551815138827352,
    51.324886021338514,
    3.3313893730169375
  ],
  "scaler_scale": [
    0.5870818106702705,
    0.5892089329156465,
    0.5010972557552059,
    0.516677674782601,
    0.5112299626694679,
    0.5114257618423744,
    0.26831059816032904,
    0.23877361498569605,
    0.24432098880280262,
    0.4697203804539395,
    0.4499197488530103,
    74.0306858673239,
    73.22995138346671,
    0.8670850021081685,
    0.9267714565181665,
    2.3606691057057083,
    2.3371502063297336,
    0.9603957603025751,
    0.8657863356956867,
    0.5800725599879007,
    0.5806489475543601,
    6.3805695395960775,
    6.396185951066437,
    15.040800733975663,
    15.209022855253455,
    0.8341834796339176,
    1.032611137029913,
    0.6579145664770578,
    104.64628028565124,
    9.012313197209586,
    13.445862375687499,
    0.8233332503753291,
    2.1004843487458036,
    0.3742866685845995,
    0.37490745132416853,
    0.5198541432597588,
    7.651722213581932,
    7.692980571700087,
    10.887869660906244,
    98.73911358575188,
    8.065281313305297
  ],
  "input_feature_count": 41,
  "output_class_count": 3
}