{
  "teams": [
    "Aberdeen",
    "Celtic",
    "Dundee",
    "Dundee United",
    "Dunfermline",
    "Falkirk",
    "Gretna",
    "Hamilton",
    "Hearts",
    "Hibernian",
    "Inverness C",
    "Kilmarnock",
    "Livingston",
    "Motherwell",
    "Partick",
    "Raith Rvs",
    "Rangers",
    "Ross County",
    "St Johnstone",
    "St Mirren"
  ],
  "class_order": [
    "A",
    "D",
    "H"
  ],
  "scaler_mean": [
    1.3661375029840057,
    1.3960213256942784,
    1.3238839818572452,
    1.3376899816980983,
    1.3513726426354737,
    1.3250696268003503,
    0.43195117436488123,
    0.3223448019337099,
    0.24570402370140887,
    1.5432082134994525,
    1.2128783056152357,
    1560.703213271472,
    1560.0212715345483,
    0.7271425161136309,
    0.7968488899498687,
    1.9400811649558367,
    2.1284316065886846,
    0.6996896634041537,
    0.6135115779422297,
    1.362285529735162,
    1.4024031186757653,
    6.710193363571258,
    6.642158032943423,
    23.002625925041777,
    23.14991644783958,
    -0.02988382271027294,
    -0.040109015675976765,
    0.3303299078842168,
    0.6819417369238076,
    -0.0680353306278348,
    -0.14729052279780377,
    -0.04011758894060366,
    -0.15588445929816186,
    0.7390348620284166,
    0.7499299311247271,
    -0.010895069096310444,
    26.18144802388712,
    26.34080314940267,
    -0.15935512551554998,
    143.34678667455844,
    3.002116654730644
  ],
  "scaler_scale": [
    0.7034813403437875,
    0.7063335918786605,
    0.6680223378683189,
    0.6032154787763144,
    0.6828484222281056,
    0.6128556965369972,
    0.21601886508992504,
    0.20045789695146346,
    0.11244139296022973,
    0.5883924290272595,
    0.5733781862629034,
    147.96129373710656,
    149.7388853757993,
    1.4572055632112373,
    1.4451141253775774,
    2.6687926362331345,
    2.6993409536527007,
    1.1429472354583468,
    1.104611229859036,
    0.6945025347906828,
    0.6997433714726294,
    3.414409761360097,
    3.4296321138328403,
    18.171243018493556,
    17.938982096301064,
    0.980848260987951,
    1.4434934780528168,
    0.8088064468838996,
    212.0417430185603,
    4.803953421128595,
    16.21059868135307,
    0.9688114435499541,
    2.9249059109223428,
    0.48070103804159797,
    0.4891642603567415,
    0.5838167099913533,
    6.76699698660535,
    6.8438243689845235,
    9.630801647473033,
    248.50212011931285,
    5.102413654849525
  ],
  "input_feature_count": 41,
  "output_class_count": 3
}