{
  "teams": [
    "Arsenal",
    "Aston Villa",
    "Birmingham",
    "Blackburn",
    "Blackpool",
    "Bolton",
    "Bournemouth",
    "Bradford",
    "Brentford",
    "Brighton",
    "Burnley",
    "Cardiff",
    "Charlton",
    "Chelsea",
    "Coventry",
    "Crystal Palace",
    "Derby",
    "Everton",
    "Fulham",
    "Huddersfield",
    "Hull",
    "Ipswich",
    "Leeds",
    "Leicester",
    "Liverpool",
    "Luton",
    "Man City",
    "Man United",
    "Middlesboro",
    "Middlesbrough",
    "Newcastle",
    "Norwich",
    "Nott'm Forest",
    "Portsmouth",
    "QPR",
    "Reading",
    "Sheffield United",
    "Sheffield Weds",
    "Southampton",
    "Stoke",
    "Sunderland",
    "Swansea",
    "Tottenham",
    "Watford",
    "West Brom",
    "West Ham",
    "Wigan",
    "Wimbledon",
    "Wolves"
  ],
  "class_order": [
    "A",
    "D",
    "H"
  ],
  "scaler_mean": [
    1.355879926227917,
    1.4028610949330227,
    1.3364637934381673,
    1.364402543195496,
    1.3725077654824303,
    1.3327582022908173,
    0.4590205392688993,
    0.29198402149324343,
    0.2489954392378572,
    1.631496889184717,
    1.1411412254670845,
    1585.6510489313664,
    1584.3387227940846,
    0.6556493884682586,
    0.779557367501456,
    1.837798485730926,
    2.0337798485730927,
    0.7283051834595224,
    0.5851776354105999,
    1.3492180688561597,
    1.410052228076835,
    10.874490390215492,
    10.793826441467676,
    22.25072801397787,
    22.3954571927781,
    -0.0469811687051058,
    -0.06768831294894195,
    0.49035566371763223,
    1.3123261372816315,
    -0.08066394874781596,
    -0.14472917880023298,
    -0.060834159220675414,
    -0.26703552708211997,
    0.7403774348023039,
    0.7484942379041828,
    -0.008116803101878817,
    22.429145811650322,
    22.600008865224392,
    -0.17086305357406742,
    130.6499525114522,
    4.851092020966803
  ],
  "scaler_scale": [
    0.692710919823863,
    0.6840009040253187,
    0.6451269912109331,
    0.6155163237890945,
    0.6519692326598624,
    0.605420013254887,
    0.2618821926056744,
    0.23501608700649423,
    0.18830654967781227,
    0.5746661491966908,
    0.5639150672917245,
    140.191603604592,
    139.76242860895098,
    1.3192170205947256,
    1.315771111884478,
    2.534080675107532,
    2.5347372056445914,
    1.1409807795248428,
    1.0694554078762517,
    0.6853888114659551,
    0.6772955343634941,
    5.653685006441601,
    5.6583734067262945,
    18.666190078902698,
    18.555862306985283,
    0.9654448534551834,
    1.3896297039679164,
    0.811080602640792,
    197.49905855360558,
    8.035460432973858,
    16.460751484324593,
    0.9551935368714236,
    2.7712291942105747,
    0.4619713757205284,
    0.4750520393380708,
    0.5749782157434761,
    8.684394200549681,
    8.673337240593458,
    12.336601903058167,
    219.10425003663792,
    8.375150352287557
  ],
  "input_feature_count": 41,
  "output_class_count": 3
}