{
  "teams": [
    "Alaves",
    "Albacete",
    "Almeria",
    "Ath Bilbao",
    "Ath Madrid",
    "Barcelona",
    "Betis",
    "Cadiz",
    "Celta",
    "Cordoba",
    "Eibar",
    "Elche",
    "Espanol",
    "Getafe",
    "Gimnastic",
    "Girona",
    "Granada",
    "Hercules",
    "Huesca",
    "La Coruna",
    "Las Palmas",
    "Leganes",
    "Levante",
    "Malaga",
    "Mallorca",
    "Murcia",
    "Numancia",
    "Osasuna",
    "Oviedo",
    "Real Madrid",
    "Recreativo",
    "Santander",
    "Sevilla",
    "Sociedad",
    "Sp Gijon",
    "Tenerife",
    "Valencia",
    "Valladolid",
    "Vallecano",
    "Villarreal",
    "Xerez",
    "Zaragoza"
  ],
  "class_order": [
    "A",
    "D",
    "H"
  ],
  "scaler_mean": [
    1.330696881091618,
    1.4128801169590641,
    1.2923245614035088,
    1.355034113060429,
    1.3581189083820662,
    1.3095297270955164,
    0.47024430445534515,
    0.2742650786144217,
    0.25549061693023317,
    1.6685010558804418,
    1.0816198482316903,
    1561.3082610599147,
    1562.3550927174936,
    0.552046783625731,
    0.7779239766081871,
    1.6695906432748537,
    2.0039473684210525,
    0.7064327485380117,
    0.5035087719298246,
    1.3237353680496045,
    1.420774601225504,
    11.104093567251462,
    10.806286549707602,
    23.43888888888889,
    23.832894736842107,
    1.8238304093567252,
    1.8219298245614035,
    -0.0019005847953216374,
    20.060233918128656,
    -0.08218323586744639,
    -0.1112987329434698,
    0.5868812076487515,
    -1.0468316575791585,
    -0.29780701754385963,
    -0.39400584795321636,
    -0.09703923317589944,
    -0.4288011695906433,
    0.728831519384882,
    0.7452851960147282,
    -0.016453676629846228,
    21.684968551376716,
    22.19302410623413,
    -0.508055554857415,
    105.58248135182221,
    4.573447855750487,
    0.2615580904258814
  ],
  "scaler_scale": [
    0.6485780305600592,
    0.6596544884313217,
    0.62793266933645,
    0.5861327970318476,
    0.657086281185755,
    0.5765358881894177,
    0.23884210982130724,
    0.21027464839522136,
    0.17098867501329254,
    0.5415080931887922,
    0.5334705048556433,
    125.83237543278791,
    126.98865111921788,
    1.1960871480153734,
    1.2560768381990848,
    2.394476918967482,
    2.4258263625184644,
    1.0225896605668832,
    0.9836318153499648,
    0.6388236569154317,
    0.6520904694794473,
    5.771905709850856,
    5.786785835319481,
    17.84657835550978,
    17.939436769879332,
    0.610425463175329,
    0.6121468460731291,
    0.8849765659498333,
    6.1055911442002175,
    0.917569717976402,
    1.2942020558787912,
    0.7591963170456522,
    177.12890096112577,
    8.142843583391278,
    16.296993023683875,
    0.9036101120537741,
    2.5540166213215874,
    0.4552701428889438,
    0.4627466005280721,
    0.5998595163687268,
    8.610717650042565,
    8.680708463905642,
    12.200464869325037,
    200.33785106313263,
    8.25939777878334,
    0.8437527432462336
  ],
  "input_feature_count": 46,
  "output_class_count": 3
}