{
  "teams": [
    "Albinoleffe",
    "Alessandria",
    "Alzano",
    "Ancona",
    "Arezzo",
    "Ascoli",
    "Atalanta",
    "Avellino",
    "Bari",
    "Benevento",
    "Bologna",
    "Brescia",
    "C. Sangro",
    "Cagliari",
    "Carpi",
    "Carrarese",
    "Catania",
    "Catanzaro",
    "Cesena",
    "Chievo",
    "Cittadella",
    "Como",
    "Cosenza",
    "Cremonese",
    "Crotone",
    "Empoli",
    "F. Andria",
    "FeralpiSalo",
    "Fermana",
    "Fiorentina",
    "Foggia",
    "Frosinone",
    "Gallipoli",
    "Genoa",
    "Grosseto",
    "Gubbio",
    "Juve Stabia",
    "Juventus",
    "Latina",
    "Lecce",
    "Lecco",
    "Livorno",
    "Lucchese",
    "Mantova",
    "Messina",
    "Modena",
    "Monza",
    "Napoli",
    "Nocerina",
    "Novara",
    "Padova",
    "Palermo",
    "Parma",
    "Perugia",
    "Pescara",
    "Piacenza",
    "Piacenza ",
    "Pisa",
    "Pistoiese",
    "Pordenone",
    "Portogruaro",
    "Pro Vercelli",
    "Ravenna",
    "Reggiana",
    "Reggina",
    "Rimini",
    "Salernitana",
    "Sampdoria",
    "Sassuolo",
    "Savoia",
    "Siena",
    "Spal",
    "Spezia",
    "Sudtirol",
    "Ternana",
    "Torino",
    "Trapani",
    "Treviso",
    "Triestina",
    "Varese",
    "Venezia",
    "Verona",
    "Vicenza",
    "Virtus Entella",
    "Virtus Lanciano"
  ],
  "class_order": [
    "A",
    "D",
    "H"
  ],
  "scaler_mean": [
    1.312922265477835,
    1.3666248063962494,
    1.189078655448114,
    1.2220185022395247,
    1.2228912888777264,
    1.1889593536774248,
    0.4396502028675832,
    0.2398740960715091,
    0.32047570106090767,
    1.6412362035525416,
    1.041525737089595,
    1524.457900229627,
    1524.3221687386745,
    0.4336305412532965,
    0.6163506216250157,
    1.8849679768931307,
    2.158106241366319,
    0.6213738540750974,
    0.43463518774331283,
    1.304438952211616,
    1.375934354042826,
    12.807735777973125,
    12.549667210850181,
    20.51324877558709,
    20.866633178450332,
    -0.05370254091841434,
    -0.06687178199171166,
    0.5997104664629467,
    0.13573149095253442,
    -0.2580685671229436,
    -0.3533844028632425,
    -0.07149540183120971,
    -0.3694587467035037,
    0.7166155622531989,
    0.7230601020460371,
    -0.006444539792838174,
    19.11052082735243,
    19.52604606544602,
    -0.4155252380935948,
    56.27281770115585,
    3.468657122525012
  ],
  "scaler_scale": [
    0.5982064286269907,
    0.6010085067386681,
    0.5079367411223326,
    0.5275342427682965,
    0.5139417460970517,
    0.5096678124923691,
    0.3084053115794925,
    0.26482099658089336,
    0.28144199863287594,
    0.4959709986300324,
    0.4561780301254826,
    78.56559727391394,
    78.4332355427824,
    0.8861949118037976,
    0.9535850877273125,
    2.4600954565851714,
    2.4258420833085568,
    0.9812663287514153,
    0.8950116137096613,
    0.5874077299170888,
    0.5939677156810294,
    7.063628252422301,
    7.087415525022228,
    15.772658671066175,
    15.963651590422652,
    0.8451884357082333,
    1.0279332376015098,
    0.6879904330531994,
    111.2217669563155,
    9.849378461159333,
    14.958133948732488,
    0.8340375093039393,
    2.115735000748968,
    0.3738455728397698,
    0.3805819966655901,
    0.5245177874912199,
    8.1766319775602,
    8.212801283981065,
    11.440056919136559,
    107.1158140768813,
    8.87693685532228
  ],
  "input_feature_count": 41,
  "output_class_count": 3
}