{
  "teams": [
    "Ajaccio",
    "Ajaccio GFCO",
    "Amiens",
    "Angers",
    "Arles",
    "Auxerre",
    "Bastia",
    "Bordeaux",
    "Boulogne",
    "Brest",
    "Caen",
    "Cannes",
    "Chateauroux",
    "Clermont",
    "Dijon",
    "Evian Thonon Gaillard",
    "Grenoble",
    "Gueugnon",
    "Guingamp",
    "Istres",
    "Le Havre",
    "Le Mans",
    "Lens",
    "Lille",
    "Lorient",
    "Lyon",
    "Marseille",
    "Martigues",
    "Metz",
    "Monaco",
    "Montpellier",
    "Nancy",
    "Nantes",
    "Nice",
    "Nimes",
    "Paris SG",
    "Reims",
    "Rennes",
    "Sedan",
    "Sochaux",
    "St Etienne",
    "Strasbourg",
    "Toulouse",
    "Troyes",
    "Valenciennes"
  ],
  "class_order": [
    "A",
    "D",
    "H"
  ],
  "scaler_mean": [
    1.3294206073100545,
    1.3951745909032343,
    1.216623716874973,
    1.2585964008074562,
    1.2576171455568441,
    1.208697332817936,
    0.46337623111384535,
    0.2579096222837677,
    0.27871414660238697,
    1.672731790822243,
    1.0581848497677644,
    1564.6958805334248,
    1563.660367895574,
    0.4980028346862518,
    0.6948846798093029,
    1.8105914186316197,
    2.0706094575441307,
    0.67233603917021,
    0.4876948846798093,
    1.3219107730056905,
    1.4021606747244144,
    10.897307048060817,
    10.654683674784177,
    22.504187604690117,
    22.792423656745264,
    -0.06575398359317958,
    -0.09089249667139114,
    0.6145469410544787,
    1.0355126378508441,
    -0.2426233732766396,
    -0.2882360520551475,
    -0.08024990171872402,
    -0.3815229996134519,
    0.7242893837659333,
    0.7295021999837746,
    -0.005212816217841347,
    21.80244121979042,
    22.19327652949979,
    -0.39083530970937125,
    84.34722446652854,
    4.202323583730619
  ],
  "scaler_scale": [
    0.6266640080229767,
    0.62949733230414,
    0.572823608239548,
    0.5451226172677843,
    0.588820466678273,
    0.5391687054710104,
    0.21946337985111083,
    0.19023820256544435,
    0.17036966121781927,
    0.5185563558261648,
    0.49766880075840464,
    108.47474796912624,
    107.40739731521255,
    1.0430878902827327,
    1.113081075648785,
    2.454628076326878,
    2.4405654041596927,
    1.0471275185719904,
    1.007322428329176,
    0.6171052656971722,
    0.6213087408114804,
    5.622688976416244,
    5.648038751686436,
    17.046364667295556,
    17.07108082714775,
    0.8865770304129837,
    1.1784720556480568,
    0.7254087159263355,
    151.61566389619455,
    8.003028516017043,
    14.331031311103683,
    0.8708269332404357,
    2.3776682540390794,
    0.41078165832424574,
    0.4244707068259966,
    0.5498942217009098,
    8.158839638890367,
    8.17014675961807,
    11.608747055527923,
    162.5373127142379,
    7.772854605667459
  ],
  "input_feature_count": 41,
  "output_class_count": 3
}