{
  "teams": [
    "Ascoli",
    "Atalanta",
    "Bari",
    "Benevento",
    "Bologna",
    "Brescia",
    "Cagliari",
    "Carpi",
    "Catania",
    "Cesena",
    "Chievo",
    "Como",
    "Cremonese",
    "Crotone",
    "Empoli",
    "Fiorentina",
    "Foggia",
    "Frosinone",
    "Genoa",
    "Inter",
    "Juventus",
    "Lazio",
    "Lecce",
    "Livorno",
    "Messina",
    "Milan",
    "Modena",
    "Monza",
    "Napoli",
    "Novara",
    "Padova",
    "Palermo",
    "Parma",
    "Perugia",
    "Pescara",
    "Piacenza",
    "Reggiana",
    "Reggina",
    "Roma",
    "Salernitana",
    "Sampdoria",
    "Sassuolo",
    "Siena",
    "Spal",
    "Spezia",
    "Torino",
    "Treviso",
    "Udinese",
    "Venezia",
    "Verona",
    "Vicenza"
  ],
  "class_order": [
    "A",
    "D",
    "H"
  ],
  "scaler_mean": [
    1.3360977198697068,
    1.3915331161780673,
    1.3111834961997826,
    1.3521389793702496,
    1.3498675352877307,
    1.3105342019543975,
    0.4563404842175553,
    0.27048953807737186,
    0.2731699777050729,
    1.6473613567033762,
    1.0900336590662323,
    1584.7121111311428,
    1585.7451885831376,
    0.5553094462540716,
    0.7446254071661238,
    1.8548534201954396,
    2.1443648208469055,
    0.6968078175895766,
    0.5143973941368079,
    1.327880227767855,
    1.4003846018757278,
    10.782019543973941,
    10.499022801302932,
    22.169902280130295,
    22.606514657980455,
    -0.05543539630836048,
    -0.08028881650380022,
    0.557327697637144,
    -1.033077451994785,
    -0.28299674267100977,
    -0.4366123778501629,
    -0.07250437410787267,
    -0.37172638436482086,
    0.7389519483653034,
    0.7421141271564725,
    -0.003162178791169019,
    22.536627495185904,
    22.965973532579575,
    -0.42934603739367366,
    118.7190870534462,
    4.675941368078177
  ],
  "scaler_scale": [
    0.6642429300691198,
    0.6678930158401026,
    0.5978617436191456,
    0.5869132768839632,
    0.6125548721660566,
    0.5795288348938021,
    0.25670489789001294,
    0.21988019370089265,
    0.1869065689238373,
    0.5710709285059586,
    0.5600635315640335,
    134.3255877965566,
    134.66376449233795,
    1.1696081439661494,
    1.2688945045152507,
    2.5607996183525867,
    2.5812161307824044,
    1.0882536463970796,
    1.03597561929406,
    0.6560417207551433,
    0.6619141932661247,
    5.612437545739797,
    5.6032185105530665,
    17.7892931507911,
    17.88834597520443,
    0.9306109807007108,
    1.2547537677019447,
    0.8074257774303323,
    188.10385083855098,
    7.882833623647028,
    16.537187043123765,
    0.916967636736072,
    2.556882890173026,
    0.4365667672156652,
    0.44983314489701853,
    0.5718524975652821,
    8.767083880553663,
    8.756097645393055,
    12.374718179176321,
    204.31440063503234,
    8.156699340315491
  ],
  "input_feature_count": 41,
  "output_class_count": 3
}