{
  "teams": [
    "Aston Villa",
    "Barnsley",
    "Birmingham",
    "Blackburn",
    "Blackpool",
    "Bolton",
    "Bournemouth",
    "Bradford",
    "Brentford",
    "Brighton",
    "Bristol City",
    "Burnley",
    "Burton",
    "Cardiff",
    "Charlton",
    "Colchester",
    "Coventry",
    "Crewe",
    "Crystal Palace",
    "Derby",
    "Doncaster",
    "Fulham",
    "Gillingham",
    "Grimsby",
    "Huddersfield",
    "Hull",
    "Ipswich",
    "Leeds",
    "Leicester",
    "Luton",
    "Man City",
    "Middlesbrough",
    "Millwall",
    "Milton Keynes Dons",
    "Newcastle",
    "Norwich",
    "Nott'm Forest",
    "Oxford",
    "Peterboro",
    "Plymouth",
    "Portsmouth",
    "Preston",
    "QPR",
    "Reading",
    "Rotherham",
    "Scunthorpe",
    "Sheffield United",
    "Sheffield Weds",
    "Southampton",
    "Southend",
    "Stockport",
    "Stoke",
    "Sunderland",
    "Swansea",
    "Tranmere",
    "Walsall",
    "Watford",
    "West Brom",
    "West Ham",
    "Wigan",
    "Wimbledon",
    "Wolves",
    "Wycombe",
    "Yeovil"
  ],
  "class_order": [
    "A",
    "D",
    "H"
  ],
  "scaler_mean": [
    1.3441739606126915,
    1.381347556528082,
    1.260428519328957,
    1.296743253099927,
    1.290565280816922,
    1.2639241429613421,
    0.43765774583463474,
    0.2906295591716817,
    0.27171269499368356,
    1.5876890347678092,
    1.144214424646591,
    1519.39858513356,
    1517.0870029530852,
    0.5533916849015317,
    0.6463894967177243,
    1.7605032822757112,
    1.914004376367615,
    0.6426695842450766,
    0.5461706783369803,
    1.3398507682614802,
    1.3861133268602106,
    13.735667396061269,
    13.671006564551423,
    25.151422319474836,
    25.127461706783368,
    -0.03717359591539023,
    -0.06295587162654998,
    0.44347461012121847,
    2.3115821804747547,
    -0.06466083150984683,
    0.02396061269146608,
    -0.046262558598730276,
    -0.18949671772428883,
    0.728478310641057,
    0.7323092329200097,
    -0.003830922278952917,
    18.24863268326337,
    18.376138258743612,
    -0.12750557548024036,
    66.73524767812755,
    3.9716192560175063
  ],
  "scaler_scale": [
    0.6226518288018823,
    0.6231151800720806,
    0.5438171852593388,
    0.5440346603072966,
    0.5530308233661323,
    0.5362186187396468,
    0.24760123680594895,
    0.22583225893132938,
    0.2129933567547215,
    0.4932500568710012,
    0.47133343005566225,
    88.01448381186083,
    87.78809859335036,
    1.0223404337874344,
    1.0506396329030527,
    2.3096870894781696,
    2.326763876212677,
    1.017191335240548,
    0.9818659932174848,
    0.6143838183565967,
    0.6149260959800897,
    7.4524265975146635,
    7.473949775388746,
    18.403543658828053,
    18.171558159447635,
    0.8814144335164448,
    1.14444484751062,
    0.686056209841259,
    126.23871280296993,
    10.46094531883899,
    15.321063405518245,
    0.8694406860881738,
    2.3723837757685216,
    0.39750666067203766,
    0.4031935573288146,
    0.5446222010155296,
    9.041471424817097,
    9.085209181563247,
    12.7610788386835,
    124.2819385719623,
    9.836482535637474
  ],
  "input_feature_count": 41,
  "output_class_count": 3
}